"Name","Rating","Rarity","Preferred Position","Nation","League","Team","Price Limits","Last Sale Price","Discard Value","Contract","Untradeable","Loans","DefinitionId","IsDuplicate","IsInActive11","Alternate Positions","ExternalPrice"
"Ronaldinho","93","Special","LW","Brazil","Icons","ICON","Min:497000 Max:9400000","0","0","10","true","true","28130","false","false","LM,CAM,LW","5000000"
"Modrić","93","UCL Road to the Knockouts","CM","Croatia","LALIGA EA SPORTS","Real Madrid","Min:45000 Max:850000","0","0","0","true","true","50508651","false","false","CM","335000"
"Alexia Putellas","91","Special","CM","Spain","Liga F","FC Barcelona","--NA--","0","0","13","true","true","50558851","false","false","CM,LW","700000"
"Haaland","91","Rare","ST","Norway","Premier League","Manchester City","Min:13750 Max:260000","0","0","10","true","true","239085","false","false","CF,ST","115000"
"van Basten","91","Special","ST","Netherlands","Icons","ICON","Min:68500 Max:350000","0","0","15","true","true","192181","false","false","CF,ST","168000"
"Gullit","91","Special","CF","Netherlands","Icons","ICON","Min:453000 Max:8600000","0","0","14","true","true","50545748","false","false","CM,CAM,CF,ST","4849000"
"van Dijk","90","Special","CB","Netherlands","Premier League","Liverpool","--NA--","0","0","7","true","false","67312240","false","true","CB","561000"
"Jairzinho","90","Special","RW","Brazil","Icons","ICON","--NA--","0","0","26","true","true","50600161","false","true","RM,RW,ST","2519000"
"Kerr","90","Rare","ST","Australia","Barclays WSL","Chelsea","Min:10500 Max:95000","0","0","6","true","true","227125","false","false","CF,ST","55500"
"Bergkamp","90","Special","CF","Netherlands","Icons","ICON","Min:67500 Max:390000","0","0","10","true","true","238388","false","false","CAM,CF,ST","195000"
"Rivaldo","90","Special","LW","Brazil","Icons","ICON","Min:67500 Max:900000","0","0","7","true","true","4231","false","false","LM,CAM,CF,LW","400000"
"Roberto Carlos","90","Special","LB","Brazil","Icons","ICON","Min:95500 Max:1800000","0","0","9","true","true","238430","false","false","LB,LWB","1045000"
"Zanetti","90","Special","RB","Argentina","Icons","ICON","Min:80000 Max:550000","0","0","18","true","true","50332689","false","false","RWB,RB,LB,CM","292000"
"Smith","90","Special","ST","England","Icons","ICON","Min:71500 Max:1400000","0","0","1","true","true","50558911","false","false","CF,ST","650000"
"Fernando Morientes","90","Special","ST","Spain","LALIGA EA SPORTS","HERO","Min:15000 Max:280000","0","0","9","true","true","50337309","false","false","CF,ST","137000"
"Lewandowski","90","Rare","ST","Poland","LALIGA EA SPORTS","FC Barcelona","Min:10500 Max:100000","0","639","7","false","false","188545","false","false","CF,ST","51000"
"Courtois","90","Rare","GK","Belgium","LALIGA EA SPORTS","Real Madrid","Min:10500 Max:130000","0","639","7","false","false","192119","false","false","GK","58500"
"Alisson","89","Rare","GK","Brazil","Premier League","Liverpool","--NA--","0","0","33","true","false","212831","false","true","GK","45000"
"Neymar Jr","89","Rare","LW","Brazil","ROSHN Saudi League","Al Hilal","--NA--","0","0","22","true","false","190871","false","true","LM,LW","140000"
"Vini Jr.","89","Rare","LW","Brazil","LALIGA EA SPORTS","Real Madrid","Min:78000 Max:1500000","0","0","3","true","true","238794","false","false","LM,LW","692000"
"Džeko","89","Special","ST","Bosnia Herzegovina","Trendyol Süper Lig","Fenerbahçe","Min:10750 Max:80000","0","0","25","true","true","50512578","false","false","CF,ST","42750"
"Rooney","89","Special","ST","England","Icons","ICON","Min:92000 Max:1700000","0","0","1","true","true","50385698","false","false","CAM,CF,ST","765000"
"Rúben Dias","89","Rare","CB","Portugal","Premier League","Manchester City","Min:9100 Max:70000","0","632","7","false","false","239818","false","false","CB","37000"
"Blanc","88","Special","CB","France","Icons","ICON","--NA--","0","0","36","true","false","238443","false","true","CB,CAM","480000"
"Bellingham","88","Special","CAM","England","LALIGA EA SPORTS","Real Madrid","--NA--","0","0","25","true","false","84138451","false","true","CM,CAM","646600"
"Griezmann","88","Rare","ST","France","LALIGA EA SPORTS","Atlético de Madrid","--NA--","0","0","7","true","false","194765","false","false","CF,ST","31000"
"Ricardo Carvalho","88","Special","CB","Portugal","Liga Portugal","HERO","Min:10750 Max:110000","0","0","8","true","true","3622","false","false","CB","61000"
"Beckham","88","Special","RM","England","Icons","ICON","Min:66000 Max:650000","0","0","5","true","true","250","false","false","RM,CM,RW","314000"
"Tévez","88","Special","ST","Argentina","Premier League","HERO","Min:41000 Max:800000","0","0","10","true","true","274966","false","false","CF,ST","384000"
"Makélélé","88","Special","CDM","France","Icons","ICON","Min:71500 Max:1400000","0","0","10","true","true","50333316","false","false","CDM,RM,CM","611000"
"Cole","88","Special","RW","England","Premier League","HERO","Min:43000 Max:800000","0","0","36","true","true","50331675","false","false","RM,CAM,RW,LW","398000"
"Ederson","88","Rare","GK","Brazil","Premier League","Manchester City","Min:6100 Max:47500","0","625","7","false","false","210257","false","false","GK","25500"
"Neville","88","Special","RB","England","Barclays WSL","Spurs","Min:1000 Max:10000","0","0","4","true","false","50596900","false","false","RWB,RB,RM,LM","19400"
"Kimmich","88","Rare","CDM","Germany","Bundesliga","FC Bayern München","Min:6100 Max:45000","0","0","7","true","false","212622","false","false","RB,CDM,CM","25000"
"Márquez","88","Special","CB","Mexico","LALIGA EA SPORTS","HERO","Min:10750 Max:100000","0","0","7","true","false","26709","false","false","CB,CDM","47000"
"Krieger","88","Special","CB","United States","NWSL","NJ/NY Gotham","Min:150 Max:10000","0","0","7","true","false","50557973","false","false","CB,CDM","43400"
"Grimaldo","87","Special","LM","Spain","Bundesliga","Leverkusen","--NA--","0","0","7","true","false","67318899","false","true","LB,LWB,LM,LW","56500"
"Barnes","87","Special","LW","England","Icons","ICON","--NA--","0","0","40","true","false","247515","false","true","LM,CAM,LW","290000"
"Rodrygo","87","Special","ST","Brazil","LALIGA EA SPORTS","Real Madrid","--NA--","0","0","2","true","false","50575460","false","true","RM,RW,ST,LW","514250"
"Karsdorp","87","Special","RB","Netherlands","Serie A TIM","Roma FC","--NA--","0","0","7","true","false","50554206","false","false","RWB,RB,RM,RW","0"
"de Jong","87","Rare","CM","Netherlands","LALIGA EA SPORTS","FC Barcelona","--NA--","0","0","7","true","false","228702","false","false","CM","17250"
"Rui Costa","87","Special","CAM","Portugal","Serie A TIM","HERO","Min:10750 Max:60000","0","0","15","true","true","1025","false","false","CAM","27500"
"Córdoba","87","Special","CB","Colombia","Serie A TIM","HERO","Min:31000 Max:600000","0","0","19","true","true","16619","false","false","CB","310000"
"Aouar","87","Special","CAM","Algeria","Serie A TIM","Roma FC","Min:10750 Max:42500","0","0","14","true","true","50566554","false","false","CM,LM,CAM","20250"
"Govou","87","Special","ST","France","Ligue 1 Uber Eats","HERO","Min:47000 Max:900000","0","0","9","true","true","50372546","false","false","RM,CF,ST","415000"
"King","87","Special","CB","England","Premier League","HERO","Min:1000 Max:10000","0","0","6","true","true","50382400","false","false","CB","370900"
"Kuyt","87","Special","RW","Netherlands","Premier League","HERO","Min:13500 Max:250000","0","0","9","true","true","50347371","false","false","RM,RW","60500"
"Lavelle","87","Rare","CAM","United States","NWSL","OL Reign","Min:5100 Max:32500","0","618","4","false","false","232075","false","false","RM,CAM","17000"
"Darmian","87","UCL Road to the Knockouts","CB","Italy","Serie A TIM","Inter","Min:1000 Max:10000","0","0","7","true","false","50516040","false","false","RWB,CB,RM","0"
"Rice","87","Special","CDM","England","Premier League","Arsenal","Min:10000 Max:100000","0","0","34","true","false","50566026","false","false","CDM,CM","151450"
"Brolin","87","Special","ST","Sweden","Serie A TIM","HERO","Min:14500 Max:270000","0","0","41","true","false","266695","false","false","CAM,CF,RW,ST","132000"
"Marquinhos","87","Rare","CB","Brazil","Ligue 1 Uber Eats","Paris SG","Min:5100 Max:35000","0","0","7","true","false","207865","false","false","CB","17250"
"Martínez","87","Rare","ST","Argentina","Serie A TIM","Inter","Min:5100 Max:30000","0","0","7","true","false","231478","false","false","CF,ST","17000"
"Mead","87","Rare","RW","England","Barclays WSL","Arsenal","Min:5100 Max:30000","0","0","7","true","false","245802","false","false","RM,RW,LW","17000"
"Ødegaard","87","Rare","CAM","Norway","Premier League","Arsenal","Min:5100 Max:30000","0","0","7","true","false","222665","false","false","CM,CAM","17000"
"Magull","87","Rare","CAM","Germany","GPFBL","FC Bayern München","Min:5100 Max:30000","0","0","7","true","false","233837","false","false","CM,CAM","17000"
"Marcos Llorente","87","Special","RM","Spain","LALIGA EA SPORTS","Atlético de Madrid","Min:1100 Max:10000","0","0","26","true","false","226161","false","true","RB,RM,CM,RW","3300"
"Park Ji Sung","86","Special","LM","Korea Republic","Premier League","HERO","--NA--","0","0","1","true","false","266473","false","false","RM,LM,LW","69500"
"Kudus","86","Special","RW","Ghana","Premier League","West Ham","--NA--","0","0","1","true","false","50576803","false","false","RM,CAM,RW","86700"
"Héctor Bellerín","86","Special","RB","Spain","LALIGA EA SPORTS","Real Betis","--NA--","0","0","28","true","false","50535395","false","false","RWB,RB","28300"
"Pedro","86","UCL Road to the Knockouts","RW","Spain","Serie A TIM","Latium","Min:10500 Max:30000","0","0","14","true","true","50521153","false","false","RM,RW,LW","13750"
"Di Lorenzo","86","Special","RB","Italy","Serie A TIM","Napoli FC","Min:10500 Max:75000","0","0","14","true","true","50549518","false","false","RWB,RB","30750"
"Kanté","86","Rare","CDM","France","ROSHN Saudi League","Al Ittihad","Min:3600 Max:22000","0","611","7","false","false","215914","false","false","CDM,CM","13000"
"Tonali","86","Rare","CDM","Italy","Premier League","Newcastle Utd","Min:3600 Max:32500","0","0","2","true","false","241096","false","false","CDM,CM","13000"
"Reyna","86","UCL Road to the Knockouts","CAM","United States","Bundesliga","Borussia Dortmund","Min:1000 Max:10000","0","0","6","true","false","50577189","false","false","RM,LM,CAM,RW","0"
"Clauss","86","Special","RWB","France","Ligue 1 Uber Eats","OM","Min:10500 Max:42500","0","0","34","true","false","50570741","false","false","RWB,RB,RM","17000"
"David","86","Special","ST","Canada","Ligue 1 Uber Eats","LOSC Lille","Min:1000 Max:10000","0","0","22","true","false","50575278","false","false","CF,ST","161250"
"Riise","86","Special","LB","Norway","Premier League","HERO","Min:10500 Max:180000","0","0","17","true","false","274967","false","false","LB,LWB,LM","88000"
"Hernández","86","Special","ST","Mexico","Icons","ICON","Min:64500 Max:200000","0","0","40","true","false","156353","false","false","CF,ST","90500"
"Bowen","86","Special","RM","England","Premier League","West Ham","Min:1000 Max:10000","0","0","7","true","false","50556019","false","false","RM,RW","0"
"Negredo","86","Special","ST","Spain","LALIGA EA SPORTS","Cádiz CF","Min:1000 Max:10000","0","0","7","true","false","50478087","false","false","CF,ST","16350"
"João Cancelo","86","Rare","LB","Portugal","LALIGA EA SPORTS","FC Barcelona","Min:3600 Max:24000","0","0","7","true","false","50542162","false","false","RB,LB,LWB","13000"
"Alexander-Arnold","86","Rare","RB","England","Premier League","Liverpool","Min:3600 Max:21000","0","0","7","true","false","231281","false","false","RWB,RB","12750"
"Onyeka","86","Special","CDM","Nigeria","Premier League","Brentford","Min:1000 Max:10000","0","0","7","true","false","50571177","false","false","CDM,CM","0"
"Banza","86","Special","ST","DR Congo","Liga Portugal","SC Braga","Min:10500 Max:50000","0","0","7","true","false","67340516","false","false","CF,ST","42500"
"Malard","86","Special","LW","France","Barclays WSL","Manchester Utd","Min:10500 Max:30000","0","0","7","true","false","67367570","false","false","LM,ST,LW","14000"
"Varane","85","Rare","CB","France","Premier League","Manchester Utd","--NA--","0","0","3","true","false","201535","false","false","CB","14000"
"Rashford","85","Rare","LW","England","Premier League","Manchester Utd","--NA--","0","0","19","true","false","231677","false","false","LM,ST,LW","65000"
"Kalulu","85","UCL Road to the Knockouts","CB","France","Serie A TIM","Milan","Min:15500 Max:290000","0","0","13","true","true","50587302","false","false","RB,CB","148000"
"Henderson","85","Special","CM","England","ROSHN Saudi League","Ettifaq FC","Min:10500 Max:30000","0","0","14","true","true","50515359","false","false","CDM,CM","11500"
"Kubo","85","Special","RW","Japan","LALIGA EA SPORTS","Real Sociedad","Min:10500 Max:35000","0","0","14","true","true","67346545","false","false","RM,CAM,RW,ST","14500"
"Trippier","85","Rare","RB","England","Premier League","Newcastle Utd","Min:2100 Max:14000","0","604","7","false","false","186345","false","false","RWB,RB","7100"
"Onana","85","Rare","GK","Cameroon","Premier League","Manchester Utd","Min:2100 Max:13000","0","604","7","false","false","226753","false","false","GK","7300"
"Huitema","85","Special","ST","Canada","NWSL","OL Reign","Min:150 Max:10000","0","0","4","true","false","50579160","false","false","CF,ST","33300"
"Bounou","85","Rare","GK","Morocco","ROSHN Saudi League","Al Hilal","Min:2100 Max:14000","0","0","7","true","false","209981","false","false","GK","7300"
"Letícia Santos","85","Special","RB","Brazil","GPFBL","Frankfurt","Min:1000 Max:10000","0","0","7","true","false","50570483","false","false","RWB,RB","12800"
"Immobile","85","Rare","ST","Italy","Serie A TIM","Latium","Min:2100 Max:13000","0","0","7","true","false","192387","false","false","CF,ST","7500"
"Di Lorenzo","85","Rare","RB","Italy","Serie A TIM","Napoli FC","Min:2100 Max:14000","0","0","7","true","false","217870","false","false","RWB,RB","7300"
"Zinsberger","85","Rare","GK","Austria","Barclays WSL","Arsenal","Min:2100 Max:14000","0","0","7","true","false","265242","false","false","GK","7000"
"Aubameyang","85","Special","ST","Gabon","Ligue 1 Uber Eats","OM","Min:10500 Max:42500","0","0","7","true","false","50520215","false","false","CF,ST","0"
"Sancet","85","Special","CAM","Spain","LALIGA EA SPORTS","Athletic Club","Min:10500 Max:45000","0","0","7","true","false","50576323","false","false","CM,CAM,ST","42000"
"Williamson","85","Rare","CB","England","Barclays WSL","Arsenal","Min:2100 Max:13000","0","0","7","true","false","246426","false","false","CB,CDM","7300"
"Hendrich","85","Rare","CB","Germany","GPFBL","VfL Wolfsburg","Min:2100 Max:14000","0","0","7","true","false","226375","false","false","RB,CB","7300"
"Sauerbrunn","85","Rare","CB","United States","NWSL","Portland Thorns","Min:2100 Max:14000","0","0","7","true","false","226177","false","false","CB","7100"
"Sildillia","85","Special","RB","France","Bundesliga","SC Freiburg","Min:10500 Max:32500","0","0","7","true","false","50592578","false","false","RWB,RB,CB,RM","12000"
"Huth","85","Rare","RM","Germany","GPFBL","VfL Wolfsburg","Min:2100 Max:14000","0","0","7","true","false","227337","false","false","RM,CAM,RW","7300"
"Walker","84","Rare","RB","England","Premier League","Manchester City","--NA--","0","0","7","true","false","188377","false","true","RWB,RB","39000"
"Lamptey","84","Special","LB","Ghana","Premier League","Brighton","--NA--","0","0","8","true","false","50574066","false","false","RWB,RB,LB,LWB","76000"
"Wagner","84","Special","LB","Germany","MLS","Philadelphia","Min:10250 Max:30000","0","0","3","true","true","50571352","false","false","LB,LWB","11250"
"Gulácsi","84","Rare","GK","Hungary","Bundesliga","RB Leipzig","Min:1100 Max:10000","0","596","7","false","false","185122","false","false","GK","3200"
"Dallmann","84","Rare","CAM","Germany","GPFBL","FC Bayern München","Min:1100 Max:10000","0","596","7","false","false","239345","false","false","CM,CAM","3300"
"Berger","84","Rare","GK","Germany","Barclays WSL","Chelsea","Min:1100 Max:10000","0","596","7","false","false","258310","false","false","GK","3800"
"Koulibaly","84","Rare","CB","Senegal","ROSHN Saudi League","Al Hilal","Min:1100 Max:10000","0","0","13","true","false","201024","false","false","CB","3100"
"Hakimi","84","Rare","RB","Morocco","Ligue 1 Uber Eats","Paris SG","Min:1100 Max:15000","0","0","7","true","false","235212","false","false","RWB,RB","4400"
"Bornauw","84","Special","CB","Belgium","Bundesliga","VfL Wolfsburg","Min:10250 Max:30000","0","0","7","true","false","50574311","false","false","CB","11000"
"Wieffer","84","UCL Road to the Knockouts","CDM","Netherlands","Eredivisie","Feyenoord","Min:10250 Max:30000","0","0","7","true","false","50580441","false","false","CDM,CM","10750"
"Kolo Muani","84","Rare","ST","France","Ligue 1 Uber Eats","Paris SG","Min:1100 Max:10000","0","0","7","true","false","50569327","false","false","RM,CF,ST","3200"
"James","84","Rare","RB","England","Premier League","Chelsea","Min:1100 Max:10000","0","0","7","true","false","238074","false","false","RWB,RB","3300"
"Kelly","84","Rare","RW","England","Barclays WSL","Manchester City","Min:1100 Max:10000","0","0","7","true","false","257001","false","false","RM,RW","3300"
"Tomori","84","Rare","CB","England","Serie A TIM","Milan","Min:1200 Max:22000","0","0","7","true","false","232756","false","false","CB","6700"
"Kiernan","84","Special","ST","Republic of Ireland","Barclays WSL","Liverpool","Min:10250 Max:37500","0","0","7","true","false","50598571","false","false","LM,CAM,CF,ST","10500"
"Marcos Llorente","84","Rare","RM","Spain","LALIGA EA SPORTS","Atlético de Madrid","Min:1100 Max:10000","0","0","7","true","false","226161","false","true","RB,RM,CM,RW","3300"
"Gabriel Martinelli","84","Rare","LW","Brazil","Premier League","Arsenal","Min:1100 Max:10000","0","0","7","true","false","251566","false","false","LM,LW","3300"
"Gnabry","84","Rare","RM","Germany","Bundesliga","FC Bayern München","Min:1100 Max:10000","0","0","7","true","false","206113","false","false","RM,LM,RW,ST","3000"
"Ginter","84","Rare","CB","Germany","Bundesliga","SC Freiburg","Min:1100 Max:10000","0","0","7","true","false","207862","false","false","CB","3300"
"Majri","84","Rare","CAM","France","D1 Arkema","OL","Min:1100 Max:10000","0","0","7","true","false","227350","false","false","CM,CAM,LW","3100"
"Grimaldo","84","Rare","LWB","Spain","Bundesliga","Leverkusen","Min:1100 Max:10000","0","0","7","true","false","210035","false","false","LB,LWB,LM","3200"
"Tchouaméni","84","Rare","CDM","France","LALIGA EA SPORTS","Real Madrid","Min:1100 Max:10000","0","0","7","true","false","241637","false","false","CDM,CM","3200"
"Bruno Guimarães","84","Rare","CM","Brazil","Premier League","Newcastle Utd","Min:1100 Max:10000","0","0","7","true","false","247851","false","false","CDM,CM","3300"
"Pope","84","Rare","GK","England","Premier League","Newcastle Utd","Min:1100 Max:10000","0","0","7","true","false","203841","false","false","GK","4100"
"Fernández","83","Special","CM","Argentina","Premier League","Chelsea","Min:11000 Max:350000","0","0","4","true","true","50578738","false","false","CDM,CM","24000"
"Spitse","83","Rare","CDM","Netherlands","Nederland Vrouwen Liga","Ajax","Min:850 Max:10000","0","589","7","false","false","233747","false","false","CDM,CM","1700"
"Borja Iglesias","83","Rare","ST","Spain","LALIGA EA SPORTS","Real Betis","Min:850 Max:10000","0","589","7","false","false","224179","false","false","CF,ST","1500"
"Amartey","83","Special","CB","Ghana","Trendyol Süper Lig","Beşiktaş","Min:10250 Max:30000","0","0","4","true","false","50544531","false","false","CB","12000"
"Vicky Losada","83","Special","CM","Spain","Barclays WSL","Brighton","Min:1000 Max:10000","0","0","7","true","false","50558849","false","false","CM","0"
"Gakpo","83","Rare","CF","Netherlands","Premier League","Liverpool","Min:850 Max:10000","0","0","7","true","false","242516","false","false","CF,ST,LW","3000"
"Ben Yedder","83","Rare","ST","France","Ligue 1 Uber Eats","AS Monaco","Min:850 Max:10000","0","0","7","true","false","199451","false","false","CF,ST","5400"
"Byrne","83","Special","RB","England","MLS","Charlotte FC","Min:150 Max:10000","0","0","7","true","false","50534462","false","false","RWB,RB,LB","0"
"Mbock","83","Rare","CB","France","D1 Arkema","OL","Min:850 Max:10000","0","0","7","true","false","227346","false","false","CB","1600"
"Bühl","83","Rare","LM","Germany","GPFBL","FC Bayern München","Min:850 Max:10000","0","0","7","true","false","248822","false","false","LM,CAM,LW","1900"
"Rauch","83","Rare","LB","Germany","GPFBL","VfL Wolfsburg","Min:850 Max:10000","0","0","7","true","false","233838","false","false","LB,LWB","1600"
"Orban","83","Rare","CB","Hungary","Bundesliga","RB Leipzig","Min:850 Max:10000","0","0","7","true","false","204638","false","false","CB","1600"
"Beto","83","Special","ST","Portugal","Premier League","Everton","Min:650 Max:10000","0","0","0","true","false","251892","false","false","CF,ST","700"
"Mendy","82","Rare","LB","France","LALIGA EA SPORTS","Real Madrid","--NA--","64000","582","33","false","false","228618","false","false","LB,LWB","46000"
"Kovačić","82","Rare","CM","Croatia","Premier League","Manchester City","Min:700 Max:10000","0","582","7","false","false","207410","false","false","CDM,CM","1100"
"João Mário","82","Rare","RM","Portugal","Liga Portugal","SL Benfica","Min:700 Max:10000","0","582","7","false","false","212814","false","false","RM,CM,LM,RW","950"
"Ricardo Horta","82","Rare","CAM","Portugal","Liga Portugal","SC Braga","Min:700 Max:10000","0","582","7","false","false","213516","false","false","CAM,CF,ST","1100"
"Gvardiol","82","Rare","CB","Croatia","Premier League","Manchester City","Min:700 Max:10000","0","0","6","true","false","251517","false","false","CB,LB","0"
"Núñez","82","Rare","ST","Uruguay","Premier League","Liverpool","Min:700 Max:10000","0","0","6","true","false","253072","false","false","CF,ST,LW","1200"
"Kimpembe","82","Rare","CB","France","Ligue 1 Uber Eats","Paris SG","Min:700 Max:10000","0","0","37","true","false","225850","false","false","CB","2300"
"Szoboszlai","82","Rare","CAM","Hungary","Premier League","Liverpool","Min:700 Max:10000","0","0","7","true","false","236772","false","false","CAM","1600"
"Locatelli","82","Rare","CDM","Italy","Serie A TIM","Juventus","Min:700 Max:10000","0","0","7","true","false","222077","false","false","CDM,CM","1100"
"Dia","82","Rare","ST","Senegal","Serie A TIM","Salernitana","Min:700 Max:10000","0","0","7","true","false","246242","false","false","CF,ST,LW","950"
"Isi Palazón","82","Rare","RM","Spain","LALIGA EA SPORTS","Rayo Vallecano","Min:700 Max:10000","0","0","7","true","false","232498","false","false","RM,RW","950"
"Mendy","82","Rare","GK","Senegal","ROSHN Saudi League","Al Ahli","Min:700 Max:10000","0","0","7","true","false","234642","false","false","GK","950"
"Matip","82","Special","CB","Cameroon","Premier League","Liverpool","Min:350 Max:10000","500","0","13","true","false","197061","false","false","CB","750"
"Muniain","81","Rare","CAM","Spain","LALIGA EA SPORTS","Athletic Club","Min:650 Max:10000","0","575","7","false","false","189575","false","false","LM,CAM","850"
"Balde","81","Rare","LB","Spain","LALIGA EA SPORTS","FC Barcelona","Min:650 Max:10000","0","0","36","true","false","263578","false","false","RB,LB,LWB","1600"
"Konaté","81","Rare","CB","France","Premier League","Liverpool","Min:650 Max:10000","0","0","7","true","false","237678","false","false","CB","800"
"Dumfries","81","Rare","RWB","Netherlands","Serie A TIM","Inter","Min:650 Max:10000","0","0","7","true","false","233096","false","false","RWB,RB,RM","1200"
"Arnold","81","Rare","CDM","Germany","Bundesliga","VfL Wolfsburg","Min:650 Max:10000","0","0","7","true","false","206511","false","false","CDM,CM","700"
"Almirón","81","Rare","RW","Paraguay","Premier League","Newcastle Utd","Min:650 Max:10000","0","0","7","true","false","230977","false","false","RM,RW","700"
"Mariona","81","Rare","LW","Spain","Liga F","FC Barcelona","Min:650 Max:10000","0","0","7","true","false","237288","false","false","LM,CAM,LW","1700"
"Álvarez","81","Rare","CDM","Mexico","Premier League","West Ham","Min:650 Max:10000","0","0","7","true","false","235844","false","false","CB,CDM","700"
"Zaniolo","80","Rare","RM","Italy","Premier League","Aston Villa","Min:650 Max:10000","0","568","7","false","false","238067","false","false","RM,CF,RW","700"
"Watkins","80","Rare","ST","England","Premier League","Aston Villa","Min:650 Max:10000","0","568","7","false","false","221697","false","false","CF,ST","700"
"Castellanos","80","Rare","CM","Venezuela","Barclays WSL","Manchester City","Min:650 Max:10000","0","568","7","false","false","268303","false","false","CM,CAM","700"
"Anyomi","80","Rare","ST","Germany","GPFBL","Frankfurt","Min:650 Max:10000","0","568","7","false","false","264947","false","false","CF,RW,ST","800"
"Reuteler","80","Rare","CM","Switzerland","GPFBL","Frankfurt","Min:650 Max:10000","0","568","7","false","false","264936","false","false","CM,CAM","700"
"Pepê","80","Rare","LM","Brazil","Liga Portugal","FC Porto","Min:650 Max:10000","0","568","7","false","false","238896","false","false","RB,LM,LW","700"
"Memeti","80","Common","LW","Kosovo","GPFBL","TSG Hoffenheim","Min:350 Max:10000","0","284","7","false","false","265058","false","false","LM,LW","700"
"Edwards","80","Common","RW","England","Liga Portugal","Sporting CP","Min:350 Max:10000","0","284","7","false","false","235619","false","false","RM,RW,ST,LW","700"
"Adeyemi","80","Rare","LM","Germany","Bundesliga","Borussia Dortmund","Min:650 Max:10000","0","0","12","true","false","251852","false","false","RM,LM,ST,LW","1500"
"Ibañez","80","Rare","CB","Brazil","ROSHN Saudi League","Al Ahli","Min:650 Max:10000","0","0","4","true","false","247257","false","false","CB","900"
"Savanier","80","Rare","CAM","France","Ligue 1 Uber Eats","Montpellier","Min:650 Max:10000","0","0","7","true","false","205686","false","false","CM,CAM","750"
"Mbemba","80","Rare","CB","DR Congo","Ligue 1 Uber Eats","OM","Min:650 Max:10000","0","0","7","true","false","210897","false","false","CB","700"
"Tagliafico","80","Rare","LB","Argentina","Ligue 1 Uber Eats","OL","Min:650 Max:10000","0","0","7","true","false","211256","false","false","LB,LWB","700"
"Kamara","80","Rare","CDM","France","Premier League","Aston Villa","Min:650 Max:10000","0","0","7","true","false","236987","false","false","CDM,CM","700"
"Mitoma","80","Rare","LM","Japan","Premier League","Brighton","Min:650 Max:10000","0","0","7","true","false","255565","false","false","LM,LW","700"
"Fofana","80","Rare","CDM","France","Ligue 1 Uber Eats","AS Monaco","Min:650 Max:10000","0","0","7","true","false","245630","false","false","CDM,CM","700"
"Matheus Reis","79","Rare","CB","Brazil","Liga Portugal","Sporting CP","Min:650 Max:10000","0","561","7","false","false","230625","false","false","CB,LB,LWB","700"
"Hincapié","79","Rare","CB","Ecuador","Bundesliga","Leverkusen","Min:650 Max:10000","0","561","7","false","false","256197","false","false","CB","700"
"Matheus Nunes","79","Rare","CM","Portugal","Premier League","Manchester City","Min:650 Max:10000","0","561","7","false","false","50584772","false","false","CM,LM","700"
"Banini","79","Rare","CM","Argentina","Liga F","Atlético de Madrid","Min:650 Max:10000","0","561","7","false","false","246356","false","false","CM,LW","700"
"Romarinho","79","Rare","CF","Brazil","ROSHN Saudi League","Al Ittihad","Min:650 Max:10000","0","561","7","false","false","209440","false","false","CAM,CF,ST","700"
"Aidoo","79","Rare","CB","Ghana","LALIGA EA SPORTS","RC Celta","Min:650 Max:10000","0","561","7","false","false","230021","false","false","CB","700"
"Snoeijs","79","Common","ST","Netherlands","Barclays WSL","Everton","Min:350 Max:10000","0","280","7","false","false","244059","false","false","CF,ST","650"
"Angeliño","79","Common","LB","Spain","Trendyol Süper Lig","Galatasaray","Min:350 Max:10000","0","280","7","false","false","220651","false","false","LB,LWB,LM","650"
"Volland","79","Common","ST","Germany","Bundesliga","Union Berlin","Min:350 Max:10000","0","280","7","false","false","200610","false","false","CAM,CF,ST","750"
"Ricardo Pereira","79","Common","RB","Portugal","EFL Championship","Leicester City","Min:350 Max:10000","0","280","7","false","false","210243","false","false","RWB,RB","700"
"Yeremy Pino","79","Common","LM","Spain","LALIGA EA SPORTS","Villarreal CF","Min:350 Max:10000","0","280","7","false","false","259377","false","false","RM,LM,ST,LW","650"
"Sørloth","79","Common","ST","Norway","LALIGA EA SPORTS","Villarreal CF","Min:350 Max:10000","0","280","7","false","false","216549","false","false","CF,ST","650"
"Souček","79","Common","CDM","Czech Republic","Premier League","West Ham","Min:350 Max:10000","0","280","7","false","false","236792","false","false","CDM,CM","650"
"Cavani","79","Special","ST","Uruguay","Libertadores","Boca Juniors","Min:650 Max:10000","0","0","7","true","false","179813","false","false","CF,ST","2000"
"Gomez","79","Rare","CB","England","Premier League","Liverpool","Min:650 Max:10000","0","0","7","true","false","225100","false","false","RB,CB","700"
"Gravenberch","79","Rare","CM","Netherlands","Premier League","Liverpool","Min:650 Max:10000","0","0","7","true","false","50577752","false","false","CM","700"
"Mandanda","79","Common","GK","France","Ligue 1 Uber Eats","Stade Rennais FC","Min:350 Max:10000","0","0","7","true","false","163705","false","false","GK","1100"
"Kathellen Sousa","79","Rare","CB","Brazil","Liga F","Real Madrid CF","Min:650 Max:10000","0","0","7","true","false","248800","false","false","CB","800"
"Hanson","78","Rare","LM","Scotland","Barclays WSL","Aston Villa","Min:650 Max:10000","0","554","7","false","false","265274","false","false","RM,LM,CAM,LW","700"
"Mvogo","78","Common","GK","Switzerland","Ligue 1 Uber Eats","FC Lorient","Min:350 Max:10000","0","277","7","false","false","206003","false","false","GK","700"
"van de Ven","78","Rare","CB","Netherlands","Premier League","Spurs","Min:650 Max:10000","0","0","7","true","false","264453","false","false","CB,LB","1000"
"António Silva","78","Rare","CB","Portugal","Liga Portugal","SL Benfica","Min:650 Max:10000","0","0","7","true","false","270086","false","false","CB","800"
"Barco","77","Special","LM","Argentina","Libertadores","River Plate","Min:650 Max:10000","0","547","7","false","false","236007","false","false","LM,ST,LW","700"
"Jones","77","Common","CM","England","Premier League","Liverpool","Min:350 Max:10000","0","273","7","false","false","242434","false","false","CM","700"
"Pérez","77","Special","CDM","Argentina","Libertadores","River Plate","Min:650 Max:10000","0","0","7","true","false","196432","false","false","CDM,CM","700"
"Trubin","77","Rare","GK","Ukraine","Liga Portugal","SL Benfica","Min:650 Max:10000","0","0","7","true","false","250753","false","false","GK","800"
"Rojo","77","Special","CB","Argentina","Libertadores","Boca Juniors","Min:650 Max:10000","0","0","7","true","false","201862","false","false","CB","800"
"Armani","77","Special","GK","Argentina","Libertadores","River Plate","Min:650 Max:10000","0","0","7","true","false","214584","false","false","GK","700"
"Abergel","76","Common","CDM","France","Ligue 1 Uber Eats","FC Lorient","Min:350 Max:10000","0","270","7","false","false","213367","false","false","CDM,CM","650"
"Boudaoui","76","Common","CM","Algeria","Ligue 1 Uber Eats","OGC Nice","Min:350 Max:10000","0","270","7","false","false","253157","false","false","CDM,RM,CM","1100"
"Sornoza","76","Special","CAM","Ecuador","Libertadores","IDV","Min:650 Max:10000","0","0","7","true","false","220739","false","false","CAM,CF","2000"
"Fabra","76","Special","LB","Colombia","Libertadores","Boca Juniors","Min:650 Max:10000","0","0","7","true","false","214040","false","false","LB,LWB","700"
"Ramírez","75","Special","GK","Ecuador","Libertadores","IDV","Min:600 Max:10000","0","533","7","false","false","256161","false","false","GK","1500"
"Fernández","75","Special","ST","Argentina","Sudamericana","Defensa","Min:300 Max:10000","0","266","7","false","false","225289","false","false","CF,RW,ST,LW","2000"
"Alejandro Garnacho","75","Common","LW","Argentina","Premier League","Manchester Utd","Min:300 Max:10000","0","266","7","false","false","268438","false","false","LM,LW","800"
"Jullien","75","Common","CB","France","Ligue 1 Uber Eats","Montpellier","Min:300 Max:10000","0","266","7","false","false","208615","false","false","CB","700"
"Silva","75","Special","RM","Uruguay","Libertadores","Olimpia","Min:600 Max:10000","0","0","7","true","false","218868","false","false","RM,CM,RW","1900"
"Arias","75","Special","GK","Chile","Libertadores","Racing Club","Min:600 Max:10000","0","0","7","true","false","223249","false","false","GK","1400"
"Díaz","75","Special","CAM","Ecuador","Libertadores","Barcelona SC","Min:600 Max:10000","0","0","7","true","false","189454","false","false","CAM,CF","2000"
"Solari","75","Special","RM","Argentina","Libertadores","River Plate","Min:600 Max:10000","0","0","7","true","false","256509","false","false","RM,LM,RW,ST","650"
"Piovi","75","Special","CB","Argentina","Libertadores","Racing Club","Min:600 Max:10000","0","0","7","true","false","219670","false","false","CB,LB","1300"
"Silva","75","Special","GK","Uruguay","Libertadores","Libertad","Min:600 Max:10000","0","0","7","true","false","198653","false","false","GK","1900"
"Fernández","75","Special","CM","Argentina","Libertadores","Boca Juniors","Min:600 Max:10000","0","0","7","true","false","211269","false","false","CM","750"
"Ávalos","75","Special","ST","Paraguay","Libertadores","Argentinos Jrs.","Min:600 Max:10000","0","0","7","true","false","226286","false","false","CF,ST","2000"
"Colpani","74","Rare","CM","Italy","Serie A TIM","Monza","Min:300 Max:10000","0","259","4","false","false","251988","false","false","CM,CAM,CF","550"
"Bakker","74","Rare","LWB","Netherlands","Serie A TIM","Bergamo Calcio","Min:300 Max:10000","0","259","7","false","false","239368","false","false","LB,LWB,LM","650"
"Bisseck","74","Rare","CB","Germany","Serie A TIM","Inter","Min:300 Max:10000","0","259","7","false","false","241736","false","false","CB","500"
"Begović","74","Rare","GK","Bosnia Herzegovina","EFL Championship","QPR","Min:300 Max:10000","0","259","4","false","false","172723","false","false","GK","400"
"Cooper","74","Rare","CB","Scotland","EFL Championship","Leeds United","Min:300 Max:10000","0","259","7","false","false","189456","false","false","CB","2000"
"Kovář","74","Rare","GK","Czech Republic","Bundesliga","Leverkusen","Min:300 Max:10000","0","259","7","false","false","242948","false","false","GK","500"
"Irvine","74","Rare","CM","Australia","Bundesliga 2","FC St. Pauli","Min:300 Max:10000","0","259","7","false","false","211378","false","false","CM","1000"
"Chará","74","Rare","CDM","Colombia","MLS","Portland Timbers","Min:300 Max:10000","0","259","4","false","false","203067","false","false","CDM,CM","400"
"Reis","74","Rare","CM","Netherlands","Bundesliga 2","Hamburger SV","Min:300 Max:10000","0","259","7","false","false","240683","false","false","CDM,CM","600"
"Arfaoui","74","Rare","ST","Switzerland","GPFBL","Leverkusen","Min:300 Max:10000","0","259","7","false","false","264907","false","false","LM,CF,ST","600"
"Egan","74","Rare","CB","Republic of Ireland","Premier League","Sheffield Utd","Min:300 Max:10000","0","259","7","false","false","204936","false","false","CB","600"
"Morgan","74","Rare","RB","England","Barclays WSL","Manchester City","Min:300 Max:10000","0","259","7","false","false","265339","false","false","RWB,RB,CB,LB","600"
"Ebuehi","74","Rare","RB","Nigeria","Serie A TIM","Empoli","Min:300 Max:10000","0","0","6","true","false","224213","false","false","RWB,RB","2000"
"Mwene","74","Rare","RB","Austria","Bundesliga","1. FSV Mainz 05","Min:300 Max:10000","0","0","7","true","false","216275","false","false","RWB,RB,LB","650"
"Gunn","74","Rare","GK","Scotland","EFL Championship","Norwich","Min:300 Max:10000","0","0","7","true","false","216325","false","false","GK","450"
"Graf","74","Rare","CM","Germany","GPFBL","RB Leipzig","Min:300 Max:10000","0","0","7","true","false","265016","false","false","CDM,CM","500"
"Mittelstädt","74","Rare","LWB","Germany","Bundesliga","VfB Stuttgart","Min:300 Max:10000","0","0","7","true","false","227647","false","false","LB,LWB,LM","550"
"Aaronson","74","Rare","CAM","United States","Bundesliga","Union Berlin","Min:300 Max:10000","0","0","7","true","false","247361","false","false","RM,CM,CAM","700"
"Loera","74","Rare","CB","United States","NWSL","KC Current","Min:300 Max:10000","0","0","7","true","false","267338","false","false","CB,CDM","850"
"Räcke","74","Rare","CB","Germany","GPFBL","RB Leipzig","Min:300 Max:10000","0","0","7","true","false","265051","false","false","CB","400"
"Vanzeir","74","Rare","ST","Belgium","MLS","Red Bulls","Min:300 Max:10000","0","0","4","true","false","234905","false","false","CF,ST","1400"
"Rubén Blanco","74","Rare","GK","Spain","Ligue 1 Uber Eats","OM","Min:300 Max:10000","0","0","7","true","false","211101","false","false","GK","3500"
"Brecher","73","Rare","GK","Switzerland","CSSL ","FC Zürich","Min:300 Max:10000","0","256","7","false","false","204842","false","false","GK","400"
"Lambert","73","Rare","GK","Canada","GPFBL","SC Freiburg","Min:300 Max:10000","0","256","7","false","false","265844","false","false","GK","350"
"Holland","73","Rare","LWB","Germany","Bundesliga","SV Darmstadt 98","Min:300 Max:10000","0","256","7","false","false","208470","false","false","LB,LWB,CDM","500"
"Jedvaj","73","Rare","CB","Croatia","Hellas Liga","Panathinaikos","Min:300 Max:10000","0","256","7","false","false","215930","false","false","CB","400"
"Piątek","73","Rare","ST","Poland","Trendyol Süper Lig","Başakşehir","Min:300 Max:10000","0","256","7","false","false","223113","false","false","CF,ST","400"
"Dompé","73","Rare","LW","France","Bundesliga 2","Hamburger SV","Min:300 Max:10000","0","256","7","false","false","224970","false","false","LM,LW","350"
"Okereke","73","Rare","ST","Nigeria","Serie BKT","Cremonese","Min:300 Max:10000","0","256","7","false","false","233732","false","false","CF,RW,ST,LW","1500"
"Müller","73","Rare","GK","Germany","Bundesliga","Heidenheim","Min:300 Max:10000","0","256","7","false","false","202873","false","false","GK","650"
"Mata","73","Rare","ST","Spain","LALIGA EA SPORTS","Getafe CF","Min:300 Max:10000","0","256","7","false","false","223578","false","false","LM,CF,ST","700"
"Lavaud","73","Rare","RM","France","D1 Arkema","Dijon FCO","Min:300 Max:10000","0","256","7","false","false","227354","false","false","RM,LM,RW","400"
"Thompson","73","Rare","LM","United States","NWSL","Angel City FC","Min:300 Max:10000","0","256","7","false","false","273466","false","false","LM,ST,LW","550"
"Loaiza","73","Common","CDM","Colombia","LPF","Lanús","Min:150 Max:10000","0","110","7","false","false","214226","false","false","CDM,CM","800"
"Drommel","73","Rare","GK","Netherlands","Eredivisie","PSV","Min:300 Max:10000","0","0","7","true","false","228279","false","false","GK","1400"
"Wilson Manafá","73","Rare","RB","Portugal","LALIGA EA SPORTS","Granada CF","Min:300 Max:10000","0","0","7","true","false","238857","false","false","RWB,RB,LB","750"
"Schøne","73","Rare","CM","Denmark","Eredivisie","N.E.C. Nijmegen","Min:300 Max:10000","0","0","7","true","false","172143","false","false","CDM,CM","1300"
"João Pedro","73","Rare","ST","Brazil","Premier League","Brighton","Min:300 Max:10000","0","0","7","true","false","252042","false","false","CAM,CF,ST","1600"
"Tufan","72","Rare","CM","Turkey","EFL Championship","Hull City","Min:300 Max:10000","0","252","3","false","false","223154","false","false","CDM,CM,CAM","800"
"Bloomer","72","Rare","GK","United States","NWSL","Rac. Louisville","Min:300 Max:10000","0","252","7","false","false","267314","false","false","GK","650"
"Carlos Coronel","72","Rare","GK","Brazil","MLS","Red Bulls","Min:300 Max:10000","0","252","34","false","false","242084","false","false","GK","600"
"Pavez","72","Special","CDM","Chile","Libertadores","Colo-Colo","Min:300 Max:10000","0","252","7","false","false","214294","false","false","CDM,CM","2700"
"Leweling","72","Rare","ST","Germany","Bundesliga","VfB Stuttgart","Min:300 Max:10000","0","252","7","false","false","252448","false","false","CF,RW,ST","500"
"Madsen","72","Common","ST","Denmark","NWSL","NC Courage","Min:150 Max:10000","0","108","7","false","false","271809","false","false","CF,ST","600"
"Vogt","72","Common","CM","Germany","GPFBL","1. FC Köln","Min:150 Max:10000","0","108","7","false","false","271952","false","false","CB,CM","700"
"Chará","72","Rare","LM","Colombia","MLS","Portland Timbers","Min:300 Max:10000","0","0","4","true","false","214132","false","false","RM,LM,CAM,LW","700"
"Wilson Eduardo","72","Rare","ST","Angola","Liga Cyprus","Apoel FC","Min:300 Max:10000","0","0","7","true","false","199737","false","false","CF,ST","350"
"Dárdai","72","Rare","CB","Germany","Bundesliga 2","Hertha BSC","Min:300 Max:10000","0","0","7","true","false","256780","false","false","CB,CDM","400"
"Knaak","72","Rare","CM","Germany","Sverige Liga","FC Rosengård","Min:300 Max:10000","0","0","7","true","false","246414","false","false","CM","400"
"Vertessen","72","Rare","RW","Belgium","Eredivisie","PSV","Min:300 Max:10000","0","0","7","true","false","260020","false","false","RM,RW,ST","1400"
"Zeneli","72","Rare","LM","Kosovo","Trendyol Süper Lig","Adana Demirspor","Min:300 Max:5100","0","0","7","true","false","50553567","false","false","LM,LW","350"
"Amor","71","Special","CB","Argentina","Libertadores","Colo-Colo","Min:250 Max:10000","0","249","7","false","false","226170","false","false","CB","700"
"Al Mayoof","71","Rare","GK","Saudi Arabia","ROSHN Saudi League","Al Ittihad","Min:250 Max:5100","0","249","7","false","false","50541788","false","false","GK","700"
"Valoti","71","Rare","CM","Italy","Serie BKT","Pisa","Min:250 Max:10000","0","249","7","false","false","205089","false","false","CM,CF,ST","400"
"Field","71","Rare","CDM","England","EFL Championship","QPR","Min:250 Max:10000","0","249","7","false","false","233957","false","false","CDM,CM","400"
"Acosta","71","Rare","CDM","Honduras","MLS","Portland Timbers","Min:250 Max:10000","0","249","4","false","false","239782","false","false","CDM,CM","1200"
"Redondo","71","Special","CM","Argentina","Libertadores","Argentinos Jrs.","Min:250 Max:10000","0","249","7","false","false","269622","false","false","CDM,CM","750"
"Wallace","71","Common","CB","Scotland","EFL Championship","Millwall","Min:150 Max:10000","0","107","4","false","false","208024","false","false","CB,LB","400"
"Sánchez","71","Special","CDM","Colombia","Sudamericana","San Lorenzo","Min:150 Max:10000","0","107","7","false","false","182882","false","false","CB,CDM,CM","1000"
"Coco","71","Common","RM","France","Ligue 1 Uber Eats","FC Nantes","Min:150 Max:10000","0","107","7","false","false","226414","false","false","RWB,RM,RW","1400"
"Moreno","71","Special","CDM","Colombia","Sudamericana","Junior","Min:150 Max:10000","0","107","7","false","false","214343","false","false","CDM,CM","1800"
"Sylla","71","Common","ST","Senegal","LALIGA HYPERMOTION","R. Valladolid CF","Min:150 Max:5000","0","107","7","false","false","50556615","false","false","RM,LM,CF,ST","300"
"Ari Mingueza","71","Rare","CM","Spain","Liga F","Granada CF","Min:250 Max:10000","0","0","7","true","false","277048","false","false","CDM,CM","850"
"Kempe","71","Rare","CM","Germany","Bundesliga","SV Darmstadt 98","Min:250 Max:10000","0","0","7","true","false","199413","false","false","CM,CAM","600"
"Vásquez","71","Rare","GK","Colombia","EFL Championship","Sheffield Wed","Min:250 Max:10000","0","0","7","true","false","233189","false","false","GK","400"
"Moreno","71","Rare","RM","Colombia","MLS","Portland Timbers","Min:250 Max:10000","0","0","7","true","false","247933","false","false","RM,LM,RW","400"
"Rodríguez","70","Special","CDM","Uruguay","Libertadores","Nacional","Min:250 Max:10000","0","245","7","false","false","213974","false","false","CDM,CM","600"
"Holtmann","70","Rare","LM","Philippines","Trendyol Süper Lig","Antalyaspor","Min:250 Max:10000","0","245","7","false","false","228614","false","false","RM,LM,LW","400"
"Hong Chul","70","Rare","LWB","Korea Republic","K League 1","Daegu FC","Min:250 Max:10000","0","245","7","false","false","199236","false","false","LB,LWB","350"
"Kaba","70","Rare","ST","Guinea","LALIGA EA SPORTS","UD Las Palmas","Min:250 Max:10000","0","245","7","false","false","237524","false","false","CF,ST","800"
"Pittón","70","Rare","CM","Argentina","LPF","Central Córdoba","Min:250 Max:10000","0","245","7","false","false","228961","false","false","CDM,RM,CM","400"
"Hedlund","70","Rare","RW","Sweden","Allsvenskan","IF Elfsborg","Min:250 Max:10000","0","245","7","false","false","209061","false","false","RM,RW,ST","400"
"Cyprien","70","Rare","CM","France","Serie BKT","Parma","Min:250 Max:10000","0","245","7","false","false","212886","false","false","CDM,CM","400"
"de Wijs","70","Rare","CB","Netherlands","Bundesliga 2","Düsseldorf","Min:250 Max:10000","0","245","7","false","false","224186","false","false","CB","400"
"Meli","70","Special","CM","Argentina","Libertadores","Liverpool","Min:250 Max:10000","0","245","7","false","false","215358","false","false","RM,CM","950"
"Wright","70","Rare","RW","Scotland","cinch Prem","Rangers","Min:250 Max:10000","0","245","7","false","false","224915","false","false","RM,CAM,CF,RW","350"
"Gustafson","70","Rare","CM","Sweden","Allsvenskan","BK Häcken","Min:250 Max:10000","0","245","7","false","false","213613","false","false","CM,CAM","400"
"Bero","70","Rare","CAM","Slovakia","Bundesliga","VfL Bochum","Min:250 Max:10000","0","245","7","false","false","235297","false","false","CM,CAM","500"
"Ring","70","Rare","CB","Finland","MLS","Austin FC","Min:250 Max:10000","0","245","7","false","false","205895","false","false","CB,CDM","400"
"Villanueva","70","Special","CAM","Chile","Sudamericana","Club Magallanes","Min:150 Max:10000","0","105","7","false","false","188414","false","false","CM,CAM","950"
"Drmić","70","Common","ST","Switzerland","Liga Hrvatska","Dinamo Zagreb","Min:150 Max:10000","0","105","7","false","false","198504","false","false","CF,ST","450"
"Green","70","Common","GK","England","Ligue 2 BKT","AS Saint-Étienne","Min:150 Max:10000","0","105","7","false","false","259166","false","false","GK","400"
"Liu Binbin","70","Common","LM","China PR","CSL","Shandong Taishan","Min:150 Max:10000","0","105","7","false","false","221855","false","false","RM,LM,LW","350"
"Nevistić","70","Common","GK","Croatia","Liga Hrvatska","Dinamo Zagreb","Min:150 Max:10000","0","105","7","false","false","261144","false","false","GK","350"
"Mollejo","70","Common","RM","Spain","LALIGA HYPERMOTION","Real Zaragoza","Min:150 Max:10000","0","105","7","false","false","245999","false","false","RM,LM,RW,ST","350"
"Çörekçi","70","Common","RB","Turkey","Trendyol Süper Lig","Hatayspor","Min:150 Max:10000","0","105","7","false","false","199683","false","false","RWB,RB","400"
"Sergi Samper","70","Common","CDM","Spain","LALIGA HYPERMOTION","FC Andorra","Min:150 Max:10000","0","105","7","false","false","208088","false","false","CDM,CM","500"
"Tysiak","70","Common","CB","Belgium","Barclays WSL","West Ham","Min:150 Max:10000","0","105","7","false","false","261793","false","false","CB","700"
"Álvaro Fernández","70","Rare","LWB","Spain","LALIGA EA SPORTS","Granada CF","Min:250 Max:5100","0","0","7","true","false","50600537","false","false","LB,LWB","550"
"Haraldsson","70","Rare","CF","Iceland","Ligue 1 Uber Eats","LOSC Lille","Min:250 Max:10000","0","0","7","true","false","262088","false","false","CF,RW,ST","1300"
"Boumous","70","Rare","CAM","Morocco","ISL","Mohun Bagan SG","Min:250 Max:10000","0","0","7","true","false","223618","false","false","CAM","350"
"Banda","70","Rare","LW","Zambia","Serie A TIM","Lecce","Min:250 Max:10000","0","0","7","true","false","271197","false","false","LM,LW","400"
"Alcívar","70","Special","CM","Ecuador","Libertadores","IDV","Min:250 Max:10000","0","0","7","true","false","254039","false","false","CDM,CM,CAM","550"
"Prestianni","70","Rare","RM","Argentina","LPF","Vélez Sarsfield","Min:250 Max:10000","0","0","7","true","false","269292","false","false","RM,CAM,RW","350"
"Bradley","70","Rare","CB","England","EFL League One","Derby County","Min:250 Max:10000","0","0","7","true","false","203749","false","false","CB","400"
"Ghareeb","70","Rare","LM","Saudi Arabia","ROSHN Saudi League","Al Nassr","Min:250 Max:10000","0","0","7","true","false","242117","false","false","LM,LW","450"
"Cissé","70","Rare","CB","France","Magyar Liga","Ferencvárosi TC","Min:250 Max:10000","0","0","7","true","false","225532","false","false","CB","400"
"Gamarra","69","Special","CB","Paraguay","Libertadores","Olimpia","Min:250 Max:10000","0","242","7","false","false","260027","false","false","CB,LB","500"
"Fall","69","Rare","RM","Senegal","Trendyol Süper Lig","Kasımpaşa","Min:250 Max:10000","0","242","7","false","false","233897","false","false","RM,RW,ST","350"
"Bachmann","69","Rare","CDM","Germany","Bundesliga 2","FC Hansa Rostock","Min:250 Max:10000","0","242","7","false","false","224094","false","false","CDM,CM,CAM","400"
"Đoković","69","Rare","CM","Croatia","SUPERLIGA","FCSB","Min:250 Max:10000","0","242","7","false","false","205983","false","false","CDM,CM","350"
"Bulthuis","69","Rare","CB","Netherlands","K League 1","Suwon Samsung","Min:250 Max:10000","0","242","7","false","false","205565","false","false","CB","400"
"Vural","69","Rare","LB","Turkey","Trendyol Süper Lig","Antalyaspor","Min:250 Max:10000","0","242","7","false","false","186651","false","false","LB,LWB,LM","400"
"Hugo Novoa","69","Rare","RM","Spain","Eredivisie","FC Utrecht","Min:250 Max:5100","0","242","7","false","false","50589689","false","false","RM,CF,RW","950"
"Adamczyk","69","Common","GK","Germany","GPFBL","SC Freiburg","Min:150 Max:10000","0","104","4","false","false","272342","false","false","GK","400"
"Novaretti","69","Common","CB","Argentina","LPF","Belgrano","Min:150 Max:10000","0","104","7","false","false","193510","false","false","CB","450"
"Brizuela","69","Common","CB","Argentina","LPF","Vélez Sarsfield","Min:150 Max:10000","0","104","7","false","false","252168","false","false","CB,LB","400"
"Wells","69","Common","ST","Bermuda","EFL Championship","Bristol City","Min:150 Max:10000","0","104","5","false","false","202686","false","false","CF,ST,LW","350"
"Hübner","69","Common","CB","Germany","Bundesliga 2","1. FC Nürnberg","Min:150 Max:10000","0","104","7","false","false","203590","false","false","CB","450"
"Sepúlveda","69","Common","ST","Argentina","LPF","Barracas Central","Min:150 Max:10000","0","104","7","false","false","261160","false","false","CF,ST","350"
"Kerr","69","Common","CB","Scotland","EFL League One","Wigan Athletic","Min:150 Max:10000","0","104","7","false","false","225589","false","false","CB","350"
"Cannon","69","Common","ST","Republic of Ireland","EFL Championship","Leicester City","Min:150 Max:5000","0","104","7","false","false","50604299","false","false","CF,ST","350"
"Kobald","69","Common","CB","Austria","Bundesliga 2","Karlsruher SC","Min:150 Max:10000","0","104","7","false","false","244491","false","false","CB","350"
"Lindsay","69","Common","CB","Scotland","EFL Championship","Preston","Min:150 Max:10000","0","104","7","false","false","215638","false","false","CB","350"
"Xhaka","69","Common","CDM","Albania","CSSL ","FC Basel 1893","Min:150 Max:10000","0","104","7","false","false","199504","false","false","CDM","300"
"Rodríguez","69","Special","CB","Argentina","Sudamericana","LDU Quito","Min:150 Max:10000","0","0","7","true","false","248137","false","false","CB","300"
"Galeano","69","Special","CB","Argentina","Libertadores","Melgar","Min:250 Max:10000","0","0","7","true","false","212208","false","false","CB","600"
"Väisänen","69","Rare","CB","Finland","MLS","Austin FC","Min:250 Max:10000","0","0","7","true","false","234291","false","false","CB","400"
"Dante","69","Rare","LB","Mali","Ö. Bundesliga","SK Sturm Graz","Min:250 Max:10000","0","0","7","true","false","253122","false","false","LB,LWB","350"
"Bauza","69","Rare","CAM","Argentina","SUPERLIGA","FCU 1948 Craiova","Min:250 Max:10000","0","0","7","true","false","236633","false","false","RM,LM,CAM","350"
"Márquez","69","Rare","LM","Argentina","LPF","Independiente","Min:250 Max:10000","0","0","7","true","false","263756","false","false","RM,LM,LW","400"
"Jusino","68","Special","CB","Bolivia","Libertadores","The Strongest","Min:250 Max:10000","0","238","7","false","false","247884","false","false","CB,CDM","500"
"Baccus","68","Rare","CM","Australia","cinch Prem","St. Mirren","Min:250 Max:10000","0","238","7","false","false","237005","false","false","CM","350"
"Früchtl","68","Common","GK","Germany","Ö. Bundesliga","FK Austria Wien","Min:150 Max:10000","0","102","7","false","false","235266","false","false","GK","350"
"Lang","68","Common","RW","England","EFL League One","Wigan Athletic","Min:150 Max:10000","0","102","7","false","false","240673","false","false","RM,CAM,RW,ST","350"
"Vejinović","68","Common","CM","Netherlands","Eredivisie","Heracles Almelo","Min:150 Max:10000","0","102","7","false","false","189715","false","false","CDM,CM","1100"
"Zawada","68","Common","ST","Poland","A-League","Well. Phoenix","Min:150 Max:10000","0","102","7","false","false","224324","false","false","CF,ST","350"
"Aguirregaray","68","Special","RB","Uruguay","Sudamericana","Peñarol","Min:150 Max:10000","0","102","7","false","false","199392","false","false","RWB,RB","450"
"Bajić","68","Common","ST","Bosnia Herzegovina","Trendyol Süper Lig","MKE Ankaragücü","Min:150 Max:10000","0","102","7","false","false","230072","false","false","CF,ST","400"
"Al Malki","68","Common","CDM","Saudi Arabia","ROSHN Saudi League","Al Hilal","Min:150 Max:10000","0","102","7","false","false","230713","false","false","CDM,CM","450"
"Zenón","68","Common","LM","Argentina","LPF","Unión","Min:150 Max:10000","0","102","7","false","false","259789","false","false","LWB,LM,LW","350"
"Zé Manuel","68","Common","ST","Portugal","Liga Portugal","Rio Ave FC","Min:150 Max:10000","0","102","7","false","false","223339","false","false","RM,LM,CF,ST","950"
"Mario Hernández","68","Common","RB","Spain","LALIGA HYPERMOTION","R. Oviedo","Min:150 Max:10000","0","102","7","false","false","241479","false","false","RWB,RB","750"
"Lundgaard","68","Common","CM","Denmark","Barclays WSL","Liverpool","Min:150 Max:10000","0","102","7","false","false","273050","false","false","CM","400"
"Arrascaita","68","Special","RM","Bolivia","Libertadores","The Strongest","Min:250 Max:10000","0","0","7","true","false","220544","false","false","RM,LM,RW","1300"
"van Rooij","68","Rare","RB","Netherlands","Eredivisie","N.E.C. Nijmegen","Min:250 Max:10000","0","0","7","true","false","262311","false","false","RWB,RB","1500"
"Larotonda","68","Special","CDM","Venezuela","Libertadores","Metropolitanos","Min:250 Max:10000","0","0","7","true","false","253816","false","false","CDM,CM","500"
"Odey","68","Rare","ST","Nigeria","3F Superliga","Randers FC","Min:250 Max:10000","0","0","7","true","false","241659","false","false","CF,ST","1400"
"Turay","68","Rare","LW","Sierra Leone","3F Superliga","Odense BK","Min:250 Max:10000","0","0","7","true","false","237051","false","false","LM,ST,LW","400"
"Hoffmann","68","Common","GK","Germany","Bundesliga 2","Braunschweig","Min:150 Max:10000","0","0","7","true","false","241859","false","false","GK","350"
"Lentinelly","67","Special","GK","Uruguay","Libertadores","Liverpool","Min:250 Max:10000","0","235","7","false","false","253255","false","false","GK","400"
"Radošević","67","Rare","CDM","Croatia","3F Superliga","Brøndby IF","Min:250 Max:10000","0","235","7","false","false","211671","false","false","CDM","350"
"Quiroga","67","Rare","CAM","Argentina","LPF","Sarmiento","Min:250 Max:10000","0","235","7","false","false","239219","false","false","CM,LM,CAM","400"
"Rodríguez","67","Special","RW","Uruguay","Libertadores","Liverpool","Min:250 Max:10000","0","235","7","false","false","273604","false","false","RM,RW,ST,LW","450"
"Mambimbi","67","Rare","LM","Switzerland","CSSL ","FC St. Gallen","Min:250 Max:5000","0","235","7","false","false","50579167","false","false","RM,LM,ST,LW","350"
"Goode","67","Rare","CB","England","Premier League","Brentford","Min:250 Max:10000","0","235","7","false","false","228997","false","false","CB","500"
"Aldred","67","Rare","CB","Scotland","A-League","Brisbane Roar","Min:250 Max:10000","0","235","7","false","false","190962","false","false","CB","350"
"Bichakhchyan","67","Rare","CAM","Armenia","PKO BP Ekstraklasa","Pogoń Szczecin","Min:250 Max:10000","0","235","7","false","false","266277","false","false","RM,CAM","350"
"Moya","67","Special","LW","Argentina","Libertadores","Colo-Colo","Min:250 Max:10000","0","235","7","false","false","236897","false","false","CM,LM,CAM,LW","550"
"Bochi","67","Common","CDM","Argentina","LPF","Instituto","Min:150 Max:10000","0","101","7","false","false","261019","false","false","CDM,CM","350"
"Cortez","67","Common","RB","Argentina","LPF","Rosario Central ","Min:150 Max:10000","0","101","7","false","false","270075","false","false","RWB,RB","400"
"Jones","67","Special","RW","Chile","Sudamericana","Club Magallanes","Min:150 Max:10000","0","101","7","false","false","273860","false","false","RM,CAM,RW,LW","400"
"García","67","Special","RM","Uruguay","Sudamericana","River Plate","Min:150 Max:10000","0","101","7","false","false","255341","false","false","RM,LM,CAM,RW","350"
"Waterman","67","Common","CB","Canada","MLS","CF Montréal","Min:150 Max:10000","0","101","7","false","false","255956","false","false","CB","400"
"Neto Volpi","67","Special","GK","Brazil","Sudamericana","Deportes Tolima","Min:150 Max:10000","0","101","7","false","false","207899","false","false","GK","400"
"Maxwell","67","Common","GK","Wales","EFL Championship","Huddersfield","Min:150 Max:10000","0","101","7","false","false","209333","false","false","GK","350"
"De Luca","67","Common","ST","Italy","Serie BKT","Sampdoria","Min:150 Max:10000","0","101","7","false","false","237391","false","false","CF,ST","400"
"Gebauer","67","Common","RM","Austria","Ö. Bundesliga","SCR Altach","Min:150 Max:10000","0","101","7","false","false","239357","false","false","RWB,RM,RW","350"
"Husband","67","Common","LB","England","EFL League One","Blackpool","Min:150 Max:10000","0","101","7","false","false","205596","false","false","CB,LB,LWB","450"
"Dhanda","67","Common","CAM","England","cinch Prem","Ross County","Min:150 Max:10000","0","101","7","false","false","231863","false","false","CAM","350"
"García","67","Special","CAM","Ecuador","Libertadores","IDV","Min:250 Max:10000","0","0","7","true","false","259026","false","false","RM,CAM","400"
"González","67","Special","LB","Venezuela","Libertadores","Monagas SC","Min:250 Max:10000","0","0","7","true","false","264769","false","false","LB,LWB,LM","700"
"Diaby","67","Rare","CB","Senegal","EFL Championship","Sheffield Wed","Min:250 Max:10000","0","0","7","true","false","243571","false","false","CB","400"
"Moreno","67","Special","CDM","Colombia","Libertadores","Indep. Medellín","Min:250 Max:10000","0","0","7","true","false","227515","false","false","CDM,CM,CAM","350"
"Arrey-Mbi","66","Rare","CB","Germany","Bundesliga 2","Hannover 96","Min:250 Max:10000","0","231","7","false","false","258315","false","false","CB","400"
"Mățan","66","Rare","CF","Romania","MLS","Columbus Crew","Min:250 Max:10000","0","231","7","false","false","248113","false","false","CF,ST,LW","400"
"Lawrence","66","Rare","CB","Germany","Bundesliga 2","1. FC Magdeburg","Min:250 Max:10000","0","231","7","false","false","259082","false","false","CB","400"
"Vera","66","Special","ST","Uruguay","Sudamericana","Danubio","Min:150 Max:10000","0","99","7","false","false","182864","false","false","CF,ST","350"
"Nieto","66","Special","RB","Chile","Sudamericana","Uni. Católica","Min:150 Max:10000","0","99","7","false","false","247856","false","false","RWB,RB","450"
"Buess","66","Common","ST","Switzerland","CSSL ","FC Winterthur","Min:150 Max:10000","0","99","7","false","false","206431","false","false","CF,ST","400"
"Kunze","66","Common","CM","Germany","Bundesliga 2","VfL Osnabrück","Min:150 Max:10000","0","99","7","false","false","262840","false","false","CM","450"
"D'Andrea","66","Common","RM","Italy","Serie BKT","Catanzaro","Min:150 Max:10000","0","99","7","false","false","271482","false","false","RM,RW","300"
"Verna","66","Common","CM","Italy","Serie BKT","Catanzaro","Min:150 Max:10000","0","99","7","false","false","209625","false","false","CM","350"
"Jeraldino","66","Common","ST","Chile","LALIGA HYPERMOTION","R. Sporting","Min:150 Max:10000","0","99","7","false","false","225270","false","false","CF,ST","350"
"van La Parra","66","Common","LW","Netherlands","Eredivisie","Almere City FC","Min:150 Max:10000","0","99","7","false","false","188540","false","false","LM,RW,LW","400"
"Domgjoni","66","Common","CM","Kosovo","Eredivisie","Vitesse","Min:150 Max:10000","0","99","7","false","false","242670","false","false","CDM,CM,CAM","900"
"Ascues","66","Special","CM","Peru","Libertadores","Sporting Cristal","Min:250 Max:10000","0","0","7","true","false","274482","false","false","CM,CAM","500"
"González","65","Rare","ST","Argentina","LPF","Unión","Min:250 Max:10000","0","228","7","false","false","270487","false","false","LM,CF,ST","400"
"Delgado","65","Special","LB","Colombia","Sudamericana","Santa Fe","Min:150 Max:10000","0","98","7","false","false","237402","false","false","LB,LWB","400"
"Nicolas","65","Common","GK","Germany","Bundesliga","M'gladbach","Min:150 Max:10000","0","98","7","false","false","235018","false","false","GK","500"
"Beason","65","Common","CB","United States","MLS","SJ Earthquakes","Min:150 Max:10000","0","98","7","false","false","255136","false","false","CB,LB","400"
"Selvik","65","Common","GK","Norway","Eliteserien","FK Haugesund","Min:150 Max:10000","0","98","7","false","false","247611","false","false","GK","400"
"Cuéllar","65","Special","GK","Bolivia","Sudamericana","Guabirá","Min:150 Max:10000","0","98","7","false","false","260274","false","false","GK","350"
"Fernández","65","Special","RB","Chile","Sudamericana","Audax Italiano","Min:150 Max:10000","0","98","7","false","false","239682","false","false","RWB,RB,RM","350"
"Pombo","65","Common","CB","Argentina","LPF","Arsenal","Min:150 Max:10000","0","98","7","false","false","268620","false","false","CB","650"
"Bakkali","65","Common","LM","Belgium","Eredivisie","RKC Waalwijk","Min:150 Max:10000","0","98","7","false","false","208790","false","false","RM,LM,LW","650"
"Castillo","65","Special","ST","Argentina","Sudamericana","Gimnasia","Min:150 Max:10000","0","98","7","false","false","273080","false","false","CF,ST","500"
"Arconte","65","Common","ST","France","Ligue 2 BKT","Rodez AF","Min:150 Max:10000","0","98","7","false","false","261772","false","false","RM,CF,ST","350"
"Huntington","65","Common","CB","England","EFL League One","Carlisle United","Min:150 Max:10000","0","98","7","false","false","170342","false","false","CB","400"
"Stritzel","65","Common","GK","Germany","Bundesliga 2","Wiesbaden","Min:150 Max:10000","0","98","7","false","false","208776","false","false","GK","400"
"Álex Petxa","65","Common","RB","Spain","LALIGA HYPERMOTION","FC Andorra","Min:150 Max:10000","0","98","7","false","false","262498","false","false","RWB,RB,CB","400"
"Torp","65","Common","CAM","Denmark","Eliteserien","Sarpsborg 08","Min:150 Max:10000","0","98","7","false","false","241645","false","false","CM,CAM,ST","350"
"Pacheco","65","Special","RB","Chile","Sudamericana","Cobresal","Min:150 Max:10000","0","0","7","true","false","229445","false","false","RWB,RB","350"
"Cordano","65","Special","GK","Bolivia","Libertadores","Bolívar","Min:250 Max:10000","0","0","7","true","false","247882","false","false","GK","400"
"Ba Loua","65","Rare","RM","Ivory Coast","PKO BP Ekstraklasa","Lech Poznań","Min:250 Max:10000","0","0","7","true","false","230972","false","false","RM,RW","350"
"Paiva","65","Special","ST","Paraguay","Libertadores","Olimpia","Min:250 Max:10000","0","0","7","true","false","254678","false","false","CF,ST","500"
"O'Keeffe","65","Rare","RWB","Republic of Ireland","EFL League One","Barnsley","Min:250 Max:10000","0","0","7","true","false","234242","false","false","RWB,RB,RM","350"
"Egbo","65","Common","RB","England","EFL League Two","Colchester","Min:150 Max:10000","0","0","7","true","false","228472","false","false","RWB,RB","450"
"Burroughs","64","Rare","RWB","Scotland","EFL League One","Lincoln City","Min:150 Max:10000","0","48","7","false","false","252379","false","false","RWB,RB,LWB","200"
"Gavriel","64","Rare","LW","Cyprus","Liga Cyprus","Apoel FC","Min:150 Max:10000","0","48","7","false","false","262573","false","false","LM,RW,LW","200"
"Hutchinson","64","Rare","CAM","Jamaica","EFL Championship","Ipswich","Min:150 Max:10000","0","48","4","false","false","260145","false","false","RM,CAM,RW","200"
"Eriksson","64","Rare","CB","Sweden","Allsvenskan","IFK Norrköping","Min:150 Max:10000","0","48","7","false","false","266015","false","false","CB","200"
"Tobers","64","Rare","CB","Latvia","CSSL ","GC Zürich","Min:150 Max:10000","0","48","7","false","false","255557","false","false","CB,CDM","200"
"Millico","64","Rare","LM","Italy","Serie BKT","Ascoli","Min:150 Max:10000","0","48","7","false","false","242420","false","false","LM,CF,LW","200"
"Schikora","64","Rare","CDM","Germany","3. Liga","FC Erzgebirge Aue","Min:150 Max:10000","0","48","7","false","false","258400","false","false","LB,CDM,CM","200"
"Luizão","64","Rare","CDM","Brazil","PKO BP Ekstraklasa","Radomiak Radom","Min:150 Max:10000","0","48","7","false","false","267746","false","false","CDM","250"
"Oshilaja","64","Rare","CDM","England","EFL League One","Burton Albion","Min:150 Max:10000","0","48","7","false","false","204458","false","false","CB,CDM,CM","300"
"Galván","64","Rare","RM","Argentina","MLS","Colorado Rapids","Min:150 Max:10000","0","48","7","false","false","241027","false","false","LWB,RM,LM,RW","200"
"Mboup","64","Rare","LW","Senegal","1A Pro League","RWD Molenbeek","Min:150 Max:5100","0","48","7","false","false","50603337","false","false","LM,LW","500"
"Therkildsen","64","Rare","RB","Denmark","Eliteserien","FK Haugesund","Min:150 Max:10000","0","48","7","false","false","251594","false","false","RWB,RB,CM","250"
"Thuram","64","Rare","ST","Brazil","Trendyol Süper Lig","Pendikspor","Min:150 Max:10000","0","48","7","false","false","212551","false","false","CF,ST","300"
"Greger","64","Rare","CB","Germany","3. Liga","Viktoria Köln","Min:150 Max:10000","0","48","7","false","false","238963","false","false","CB","300"
"Iacob","64","Rare","GK","Romania","SUPERLIGA","UTA Arad","Min:150 Max:10000","0","0","7","true","false","257794","false","false","GK","200"
"Mulaj","64","Rare","LM","Switzerland","CSSL ","Stade-Lausanne","Min:150 Max:10000","0","0","7","true","false","244527","false","false","LM,LW","200"
"Redes","64","Rare","RM","Paraguay","MLS","Austin FC","Min:150 Max:10000","0","0","7","true","false","253250","false","false","RM,RW","200"
"Taylor","64","Rare","RB","United States","MLS","Minnesota United","Min:150 Max:10000","0","0","7","true","false","261196","false","false","RWB,RB,LB","200"
"Fernandes","64","Rare","LM","Netherlands","Eredivisie","Go Ahead Eagles","Min:150 Max:10000","0","0","7","true","false","230732","false","false","RM,LM,CAM,LW","200"
"Lannert","64","Rare","RB","Germany","3. Liga","Arminia Bielefeld","Min:150 Max:10000","0","0","7","true","false","259453","false","false","RWB,RB","250"
"Nadj","64","Rare","CAM","Germany","Bundesliga 2","SC Paderborn 07","Min:150 Max:10000","0","0","7","true","false","251307","false","false","CAM","200"
"Dursun","64","Rare","RB","Turkey","Trendyol Süper Lig","Karagümrük SK","Min:150 Max:10000","0","0","7","true","false","220089","false","false","RWB,RB,CB","300"
"Ruberto","64","Rare","GK","Italy","Liga Portugal","FC Vizela","Min:150 Max:10000","0","0","7","true","false","216779","false","false","GK","700"
"Sotomayor","64","Special","LM","Bolivia","Libertadores","The Strongest","Min:150 Max:10000","0","0","7","true","false","253656","false","false","LM,RW,LW","350"
"Headley","63","Rare","LB","England","EFL Championship","Huddersfield","Min:150 Max:10000","0","47","4","false","false","258491","false","false","LB,LWB","250"
"Garcia","63","Rare","CAM","Switzerland","CSSL ","Stade-Lausanne","Min:150 Max:10000","0","47","7","false","false","275708","false","false","CAM","300"
"Seo Jin Su","63","Rare","LW","Korea Republic","K League 1","Jeju United","Min:150 Max:10000","0","47","7","false","false","251580","false","false","LM,ST,LW","200"
"Cibois","63","Rare","GK","France","Ligue 2 BKT","Rodez AF","Min:150 Max:10000","0","47","7","false","false","242242","false","false","GK","200"
"Dragu","63","Rare","LB","Romania","SUPERLIGA","FC Botoșani","Min:150 Max:10000","0","47","7","false","false","263306","false","false","LB,LWB,RW","200"
"Yaşar","63","Rare","LB","Turkey","Trendyol Süper Lig","İstanbulspor","Min:150 Max:10000","0","47","7","false","false","223958","false","false","LB,LWB","300"
"Gutiérrez","63","Special","RB","Chile","Libertadores","Colo-Colo","Min:150 Max:10000","0","47","7","false","false","264314","false","false","RWB,RB,CB","400"
"Kotal","63","Rare","CB","India","ISL","Kerala Blasters","Min:150 Max:10000","0","47","7","false","false","228188","false","false","RB,CB","400"
"Loretz","63","Rare","GK","Switzerland","CSSL ","FC Luzern","Min:150 Max:10000","0","47","7","false","false","262862","false","false","GK","200"
"Bendik","63","Rare","GK","United States","MLS","Philadelphia","Min:150 Max:10000","0","47","7","false","false","201873","false","false","GK","200"
"Portales","63","Common","CB","Mexico","cinch Prem","Dundee FC","Min:150 Max:10000","0","19","7","false","false","224832","false","false","CB","200"
"O'Neill","63","Common","CB","United States","MLS","Toronto FC","Min:150 Max:10000","0","19","7","false","false","211581","false","false","CB","200"
"Bouchama","63","Common","CAM","Germany","3. Liga","Preußen Münster","Min:150 Max:10000","0","19","7","false","false","276289","false","false","CAM,ST","200"
"Vera","63","Special","RM","Ecuador","Sudamericana","CS Emelec","Min:150 Max:10000","0","0","45","true","false","268502","false","false","RM,RW","200"
"Rao Weihui","63","Rare","LWB","China PR","CSL","Meizhou Hakka FC","Min:150 Max:10000","0","0","7","true","false","224556","false","false","LB,LWB","350"
"Polster","63","Rare","LM","Austria","Ö. Bundesliga","FK Austria Wien","Min:150 Max:10000","0","0","7","true","false","269888","false","false","LM,LW","200"
"Østbø","63","Rare","GK","Norway","Eliteserien","Viking FK","Min:150 Max:10000","0","0","7","true","false","186508","false","false","GK","200"
"Mina","62","Special","CB","Ecuador","Libertadores","Barcelona SC","Min:150 Max:10000","0","47","7","false","false","269396","false","false","CB","350"
"Córdova","62","Special","RB","Canada","Libertadores","Ñublense","Min:150 Max:10000","0","47","7","false","false","238920","false","false","RWB,RB,LB","300"
"Lee Jun","62","Rare","GK","Korea Republic","K League 1","GwangJu FC","Min:150 Max:10000","0","47","7","false","false","238571","false","false","GK","200"
"Javi Serrano","62","Common","CM","Spain","Ö. Bundesliga","SK Sturm Graz","Min:150 Max:10000","0","19","7","false","false","263943","false","false","CB,CDM,CM","250"
"Zavaleta","62","Common","CB","El Salvador","MLS","LA Galaxy","Min:150 Max:10000","0","19","7","false","false","202073","false","false","CB","200"
"Missori","62","Common","RB","Italy","Serie A TIM","Sassuolo","Min:150 Max:10000","0","19","7","false","false","265762","false","false","RWB,RB","500"
"Ferhaoui","62","Common","CM","France","Ligue 2 BKT","Laval MFC","Min:150 Max:10000","150","19","7","false","false","269294","false","false","CM","200"
"Blaž Lauš","62","Common","CAM","Croatia","Liga Hrvatska","Hajduk Split","Min:150 Max:10000","0","19","7","false","false","277021","false","false","CAM","200"
"Dyachuk","62","Common","CB","Ukraine","Ukrayina Liha","Dynamo Kyiv","Min:150 Max:10000","0","19","7","false","false","274729","false","false","CB","200"
"Ramos Mingo","62","Special","CB","Argentina","Sudamericana","Defensa","Min:150 Max:10000","0","19","7","false","false","252072","false","false","CB","300"
"Lange","62","Common","LWB","Denmark","Eliteserien","Stabæk Fotball","Min:150 Max:10000","0","19","7","false","false","202367","false","false","LB,LWB","200"
"Hollman","62","Common","CM","Australia","A-League","Macarthur FC","Min:150 Max:10000","0","19","7","false","false","259475","false","false","CDM,CM,CAM","200"
"Traorè","62","Rare","LW","Ivory Coast","Serie A TIM","Milan","Min:150 Max:10000","0","0","7","true","false","277013","false","false","LM,LW","400"
"Rodri Alonso","62","Rare","CM","Spain","LALIGA HYPERMOTION","Villarreal CF B","Min:150 Max:10000","0","0","7","true","false","270729","false","false","CM","250"
"Goldie","62","Rare","CB","England","Barclays WSL","Arsenal","Min:150 Max:10000","0","0","7","true","false","266457","false","false","CB,CM","350"
"Jelassi","61","Rare","RWB","Sweden","Allsvenskan","Brommapojkarna","Min:150 Max:10000","0","46","7","false","false","272917","false","false","RWB,RB","200"
"Carlsen","61","Rare","CM","Denmark","3F Superliga","Silkeborg IF","Min:150 Max:10000","0","46","7","false","false","275742","false","false","CM","200"
"Boukamir","61","Rare","CB","Belgium","1A Pro League","Sp. Charleroi","Min:150 Max:10000","0","46","7","false","false","264277","false","false","CB","650"
"Luo Jing","61","Rare","LM","China PR","CSL","Wuhan Three Towns","Min:150 Max:10000","0","46","7","false","false","222351","false","false","RM,LM,ST,LW","300"
"Enggård","61","Common","CM","Denmark","3F Superliga","Randers FC","Min:150 Max:10000","0","18","7","false","false","259134","false","false","CDM,CM","200"
"Hu Jinghang","61","Common","ST","China PR","CSL","Shandong Taishan","Min:150 Max:10000","0","18","7","false","false","241312","false","false","CM,CF,ST","200"
"Breckin","61","Common","CM","England","EFL League One","Wycombe","Min:150 Max:10000","0","18","7","false","false","276621","false","false","CM","200"
"Wang Song","61","Common","RM","China PR","CSL","Nantong Zhiyun FC","Min:150 Max:10000","0","18","7","false","false","186228","false","false","RM,CM,LM,RW","200"
"Schamine","61","Special","CM","Argentina","Sudamericana","Defensa","Min:150 Max:10000","0","0","7","true","false","276867","false","false","CM,CAM,RW","250"
"Magnusson","61","Rare","CM","Sweden","Allsvenskan","Brommapojkarna","Min:150 Max:10000","0","0","7","true","false","198540","false","false","CDM,CM","200"
"Ingham","61","Rare","RB","New Zealand","A-League","Newcastle Jets","Min:150 Max:10000","0","0","7","true","false","237714","false","false","RWB,RB,LB","200"
"Rocha","61","Special","RWB","Bolivia","Libertadores","Bolívar","Min:150 Max:10000","0","0","7","true","false","267458","false","false","RWB,RB","300"
"Sotona","60","Rare","LW","Republic of Ireland","EFL League Two","Doncaster","Min:150 Max:10000","0","45","7","false","false","259117","false","false","LM,LW","200"
"Zhao Bo","60","Rare","GK","China PR","CSL","Zhejiang Pro","Min:150 Max:10000","0","45","7","false","false","269536","false","false","GK","250"
"Marshall-Rutty","60","Rare","RB","Canada","MLS","Toronto FC","Min:150 Max:10000","0","45","7","false","false","255335","false","false","RWB,RB,CM,LM","200"
"Juan Larios","60","Common","LB","Spain","EFL Championship","Southampton","Min:150 Max:10000","0","18","7","false","false","271669","false","false","LB,LWB","250"
"Becirovic","60","Common","LM","Sweden","Allsvenskan","IFK Värnamo","Min:150 Max:10000","0","18","7","false","false","266175","false","false","RM,LM,LW","200"
"Wang Jie","60","Common","CB","China PR","CSL","Nantong Zhiyun FC","Min:150 Max:10000","0","18","7","false","false","224691","false","false","CB,CDM","200"
"Burks","60","Common","CB","United States","MLS","Chicago Fire FC","Min:150 Max:10000","0","18","7","false","false","271048","false","false","CB,LB","200"
"Rodríguez","60","Rare","LB","Argentina","LPF","Rosario Central ","Min:150 Max:10000","0","0","7","true","false","271895","false","false","LB,LWB","200"
"Haouari","60","Rare","CAM","France","Ligue 2 BKT","Valenciennes FC","Min:150 Max:10000","0","0","7","true","false","262229","false","false","CAM,ST","250"
"Zambrano","59","Special","ST","Ecuador","Libertadores","Aucas","Min:150 Max:10000","0","44","7","false","false","274741","false","false","CF,ST","350"
"Forclaz","59","Special","CAM","Argentina","Sudamericana","Tigre","Min:150 Max:10000","0","18","7","false","false","276613","false","false","CAM","200"
"Belotto","59","Common","GK","Paraguay","Calcio A Femminile","Juventus","Min:150 Max:10000","150","18","7","false","false","273836","false","false","GK","200"
"Lavery","59","Common","ST","Northern Ireland","EFL League Two","Doncaster","Min:150 Max:10000","0","18","7","false","false","211463","false","false","CF,ST","200"
"Finn","59","Common","RWB","Republic of Ireland","SSE Airtricity PD","Shamrock Rovers","Min:150 Max:10000","0","18","7","false","false","180352","false","false","RWB,RB","200"
"Villarroel","58","Special","CAM","Bolivia","Libertadores","Bolívar","Min:150 Max:10000","0","44","7","false","false","264537","false","false","CAM,RW","400"
"Han Seok Jong","58","Common","CDM","Korea Republic","K League 1","Suwon Samsung","Min:150 Max:10000","0","17","7","false","false","222697","false","false","CDM,CM","200"
"Duffy","58","Common","LW","Republic of Ireland","EFL League One","Lincoln City","Min:150 Max:10000","0","17","7","false","false","267419","false","false","LM,ST,LW","200"
"Mazzeo","57","Common","GK","Switzerland","CSSL ","Yverdon Sport FC","Min:150 Max:10000","0","17","7","false","false","275715","false","false","GK","200"
"Godoy","55","Special","CM","Chile","Sudamericana","Audax Italiano","Min:150 Max:10000","150","17","7","false","false","277294","false","false","CM","300"
"Wills","55","Common","GK","Scotland","cinch Prem","St. Johnstone","Min:150 Max:10000","0","17","7","false","false","261644","false","false","GK","200"
"Popescu","54","Common","LM","Romania","SUPERLIGA","FC Voluntari","Min:150 Max:10000","0","16","7","false","false","276823","false","false","LM,LW","200"
"Linares","53","Special","CB","Venezuela","Sudamericana","Puerto Cabello","Min:150 Max:10000","0","16","7","false","false","274897","false","false","CB","200"